algo,sliding,purity,qps
G4,1000,0.019399,583697
G4,2000,0.0293636,479124
G4,4000,0.0282057,400913
G4,8000,0.0458556,294848
G4,16000,0.104558,193526
G4,20000,0.119766,164862
G4,24000,0.135308,145395
G4,32000,0.177992,117311
G4,64000,0.309524,69672
G4,128000,0.507074,42632.7
