obj,queue_size_threshold,variance_threshold,outliers_num_threshold,purity,qps
1,20000,100,200,0.731536,192662
1,40000,100,200,0.727453,184223
1,60000,100,200,0.720894,176497
1,80000,100,200,0.717761,164172
1,100000,100,200,0.712904,165347
2,20000,100,200,0.649093,62731
2,40000,100,200,0.648469,95874.4
2,60000,100,200,0.64635,78508.6
2,80000,100,200,0.642729,94210
2,100000,100,200,0.638866,101770