algo,obj,queue_size_threshold,purity,qps
BenneAcc,1,20000,0.731536,192662
BenneAcc,1,40000,0.727453,184223
BenneAcc,1,60000,0.720894,176497
BenneAcc,1,80000,0.717761,164172
BenneAcc,1,100000,0.712904,165347
BenneEff,2,20000,0.649093,62731
BenneEff,2,40000,0.648469,95874.4
BenneEff,2,60000,0.64635,78508.6
BenneEff,2,80000,0.642729,94210
BenneEff,2,100000,0.638866,101770
