workload,algo,obj,purity,qps
Dim-20,BenneAcc,1,0.430184,963141
Dim-20,BenneEff,2,0.430184,1402070
Dim-40,BenneAcc,1,0.432824,744400
Dim-40,BenneEff,2,0.430086,1101130
Dim-60,BenneAcc,1,0.429468,622193
Dim-60,BenneEff,2,0.429468,938030
Dim-80,BenneAcc,1,0.429898,507989
Dim-80,BenneEff,2,0.429898,752133
Dim-100,BenneAcc,1,0.42992,447464
Dim-100,BenneEff,2,0.42992,665106
