workload,algo,obj,purity,qps
Dim-20,Benne,1,0.508484,937737
Dim-20,Benne,2,0.430184,1708930
Dim-40,Benne,1,0.472318,791797
Dim-40,Benne,2,0.430086,1405260
Dim-60,Benne,1,0.459244,690509
Dim-60,Benne,2,0.429468,1192860
Dim-80,Benne,1,0.446356,657455
Dim-80,Benne,2,0.429898,1050400
Dim-100,Benne,1,0.443728,527866
Dim-100,Benne,2,0.42992,876304