Algorithm,1,2,3
Birch,0.164336,0.159121,0.17194
StreamKMeans,0.86458,0.830218,0.82121
CluStream,0.0292564,0.0542317,0.0792
DenStream,0.0927124,0.108381,0.12691
DBStream,0.563042,0.517369,0.53335
EDMStream,0.881171,0.868919,0.86165
DStream,0.0292564,0.0542317,0.0792
SLKMeans,0.0292564,0.0542317,0.0792
BenneAcc,0.927241,0.937171,0.94694
BenneEff,0.22025,0.227537,0.2423