Algorithm,1,2,3
EDMStream,0.881171,0.868919,0.86165
DStream,0.0292564,0.0542317,0.0792
DenStream,0.0927124,0.108381,0.12691
Birch,0.164336,0.159121,0.17194
CluStream,0.0292564,0.0542317,0.0792
StreamKMeans,0.54118,0.519094,0.53114
SLKMeans,0.0292564,0.0542317,0.0792
DBStream,0.563042,0.517369,0.53335
BenneEff,0.22025,0.227537,0.2423
BenneAcc,0.924875,0.933936,0.94278
G16,0,0,0
BenneAccNoMig,0.747035,0.771323,0.78573
