obj,workload,purity,qps
0,CoverType,0.563057,24480.4
1,CoverType,0.73752,186522
2,CoverType,0.521301,244513
0,INSECTS,0.325285,173941
1,INSECTS,0.562919,185197
2,INSECTS,0.188058,1134020
0,sensor,0.127514,283648
1,sensor,0.202618,174847
2,sensor,0.0337926,1252860
