obj,workload,purity,qps
1,CoverType,0.73752,177986
2,CoverType,0.521301,258513
1,INSECTS,0.562919,179077
2,INSECTS,0.188058,1081360
1,sensor,0.202618,169538
2,sensor,0.0337926,1235320
