algo,landmark,purity,qps
G3,1000,0.832364,34452.3
G3,2000,0.823937,36255.4
G3,4000,0.817984,36979.5
G3,6000,0.803282,37891.6
G3,8000,0.789795,40227
G3,16000,0.780381,41936.3
G3,24000,0.759469,46693.9
G3,32000,0.736397,49998.4
G3,64000,0.660664,67890.1
G3,128000,0.442374,168605
