algo,landmark,purity,qps
G3,50000,0.568171,509978
G3,100000,0.522998,522728
G3,150000,0.507616,519796
G3,200000,0.502699,523122
G3,250000,0.519346,521511
G3,300000,0.487599,527521
G3,350000,0.49251,525736
G3,400000,0.498076,521638
G3,450000,0.487599,528282
G3,500000,0.499179,523417
