algo,landmark,purity,qps
G3,50000,0.568171,517784
G3,100000,0.522998,515924
G3,150000,0.507616,512747
G3,200000,0.502699,515614
G3,250000,0.519346,514456
G3,300000,0.487599,517544
G3,350000,0.49251,515191
G3,400000,0.498076,507789
G3,450000,0.487599,516229
G3,500000,0.499179,514697
