algo,landmark,purity,qps
G3,58101,0.633928,110048
G3,116202,0.610086,80450.6
G3,174303,0.585126,68555.8
G3,232404,0.566234,62790.1
G3,290506,0.589456,63521.6
G3,348607,0.588848,62052.3
G3,406708,0.55935,60986.2
G3,464810,0.551579,62678.2
G3,522911,0.541722,62335.6
G3,581012,0.572844,60147.4
