algo,landmark,purity,qps
G3,50000,0.568171,518275
G3,100000,0.522998,526618
G3,150000,0.507616,525108
G3,200000,0.502699,525781
G3,250000,0.519346,524456
G3,300000,0.487599,519098
G3,350000,0.49251,526983
G3,400000,0.498076,526400
G3,450000,0.487599,512351
G3,500000,0.499179,519624
