algo,landmark,purity,qps
G3,50000,0.568171,507407
G3,100000,0.522998,516851
G3,150000,0.507616,521922
G3,200000,0.502699,518172
G3,250000,0.519346,516043
G3,300000,0.487599,522353
G3,350000,0.49251,519168
G3,400000,0.498076,520201
G3,450000,0.487599,516152
G3,500000,0.499179,516861
