algo,landmark,purity,qps
G3,58101,0.633928,109912
G3,116202,0.610086,80026.4
G3,174303,0.585126,68480.1
G3,232404,0.566234,64889.6
G3,290506,0.589456,63338.8
G3,348607,0.588848,61939.6
G3,406708,0.55935,62159.5
G3,464810,0.551579,62498.7
G3,522911,0.541722,62144.7
G3,581012,0.572844,59759.3
