algo,landmark,purity,qps
G3,58101,0.633928,109794
G3,116202,0.610086,79886.5
G3,174303,0.585126,68258.3
G3,232404,0.566234,64466.6
G3,290506,0.589456,63146.8
G3,348607,0.588848,62004.3
G3,406708,0.55935,61989
G3,464810,0.551579,62146.4
G3,522911,0.541722,62097.2
G3,581012,0.572844,59653.2
