algo,landmark,purity,qps
G3,50000,0.568171,521653
G3,100000,0.522998,520677
G3,150000,0.507616,522290
G3,200000,0.502699,520165
G3,250000,0.519346,521146
G3,300000,0.487599,527163
G3,350000,0.49251,501670
G3,400000,0.498076,526030
G3,450000,0.487599,522151
G3,500000,0.499179,516626
