algo,landmark,purity,qps
G3,50000,0.568171,513863
G3,100000,0.522998,512627
G3,150000,0.507616,512612
G3,200000,0.502699,510487
G3,250000,0.519346,513435
G3,300000,0.487599,518171
G3,350000,0.49251,519355
G3,400000,0.498076,511736
G3,450000,0.487599,512877
G3,500000,0.499179,513901
