algo,landmark,purity,qps
G3,50000,0.634656,121297
G3,100000,0.617268,86043.4
G3,150000,0.591628,70055.6
G3,200000,0.561364,66931.3
G3,250000,0.579682,64396.7
G3,300000,0.591764,61674.6
G3,350000,0.582723,62127.9
G3,400000,0.572024,63157.2
G3,450000,0.563458,61763.6
G3,500000,0.536645,62489.3
