algo,landmark,purity,qps
G3,50000,0.568171,517811
G3,100000,0.522998,509245
G3,150000,0.507616,513949
G3,200000,0.502699,518175
G3,250000,0.519346,514450
G3,300000,0.487599,518579
G3,350000,0.49251,516013
G3,400000,0.498076,501826
G3,450000,0.487599,515100
G3,500000,0.499179,517359
