algo,landmark,purity,qps
G3,50000,0.568171,526128
G3,100000,0.522998,455969
G3,150000,0.507616,513123
G3,200000,0.502699,517348
G3,250000,0.519346,522320
G3,300000,0.487599,525531
G3,350000,0.49251,524173
G3,400000,0.498076,526241
G3,450000,0.487599,520564
G3,500000,0.499179,522286
