algo,landmark,purity,qps
G3,50000,0.568171,529495
G3,100000,0.522998,526288
G3,150000,0.507616,511743
G3,200000,0.502699,513619
G3,250000,0.519346,525217
G3,300000,0.487599,525364
G3,350000,0.49251,521874
G3,400000,0.498076,527114
G3,450000,0.487599,525976
G3,500000,0.499179,525550
