algo,landmark,purity,qps
G3,1000,0.832364,34332.2
G3,2000,0.823937,36228.7
G3,4000,0.817984,36188.9
G3,6000,0.803282,38206.5
G3,8000,0.789795,40086.3
G3,16000,0.780381,41832.4
G3,24000,0.759469,46749.2
G3,32000,0.736397,49088.2
G3,64000,0.660664,67796.1
G3,128000,0.442374,155515
