algo,landmark,purity,qps
G3,50000,0.568171,524087
G3,100000,0.522998,525626
G3,150000,0.507616,522515
G3,200000,0.502699,523035
G3,250000,0.519346,519334
G3,300000,0.487599,519210
G3,350000,0.49251,525639
G3,400000,0.498076,525595
G3,450000,0.487599,519939
G3,500000,0.499179,521027
