algo,landmark,purity,qps
G3,50000,0.568171,516756
G3,100000,0.522998,520592
G3,150000,0.507616,514001
G3,200000,0.502699,516125
G3,250000,0.519346,508602
G3,300000,0.487599,516095
G3,350000,0.49251,513196
G3,400000,0.498076,515447
G3,450000,0.487599,515462
G3,500000,0.499179,452419
