Algorithm,1,2,3
G1,0.869683,0.873603,0.87095
G2,0.869683,0.873603,0.87095
G3,0.966394,0.966968,0.96743
G4,0.0792829,0.0792009,0.0792
G5,0.0792829,0.0792009,0.0792
G6,0.919518,0.91932,0.91941
G7,0.975719,0.97614,0.97692
G8,0.570871,0.575832,0.57623
G9,0,0,0
G10,0.925395,0.92691,0.92693
G11,0.890909,0.892461,0.89197
G12,0.991249,NULL,0.99147
G13,0.966373,NULL,0.96685
G14,0.918415,0.918468,0.9185
G15,0.751193,0.751027,0.75103
