Algorithm,1,2,3
G1,0.798441,0.78409,0.76986
G2,0.798441,0.78409,0.76986
G3,0.798441,0.78409,0.76986
G4,0.0292564,0.0542317,0.0792
G5,0.0497931,0.0682621,0.09233
G6,0.812104,0.784028,0.76855
G7,0.952509,0.94319,0.93772
G8,0.685011,0.667913,0.65584
G9,0.0292564,0.0542317,0.0792
G10,0.962279,0.940191,0.92069
G11,0.870457,0.858751,0.84767
G12,0.878784,0.891157,0.88913
G13,0.915403,0.910076,0.9111
G14,0.351607,0.343149,0.3513
G15,0.786624,0.761658,0.74155
