Algorithm,1,2,3
G1,0.798441,0.78409,0.76986
G2,0.798441,0.78409,0.76986
G3,0.972547,0.943776,0.92277
G4,0.0292564,0.0542317,0.0792
G5,0.0497931,0.0682621,0.09233
G6,0.828397,0.808505,0.79565
G7,0.952509,0.94319,0.93772
G8,0.685011,0.667913,0.65584
G9,0.0292564,0.0542317,0.0792
G10,0.333531,0.322946,0.31442
G11,0.816081,0.803626,0.79491
G12,0.878784,0.891157,0.88913
G13,0.868824,0.866578,0.86036
G14,0.351607,0.343149,0.3513
G15,0.786624,0.761658,0.74155
