algo,sliding,purity,qps
G4,50000,0.554734,36945
G4,100000,0.555033,25434.8
G4,150000,0.568906,21321.8
G4,200000,0.575143,19006.9
G4,250000,0.582854,17187.7
G4,300000,0.578344,16940.5
G4,350000,0.593836,16491.5
G4,400000,0.596053,16357.4
G4,450000,0.594903,16159.5
G4,500000,0.596334,15955.2
