algo,sliding,purity,qps
G4,1000,0.00718392,608430
G4,2000,0.00718392,515192
G4,4000,0.00718392,404473
G4,8000,0.00718392,293685
G4,16000,0.00718392,189717
G4,20000,0.00718392,161708
G4,24000,0.00718392,140692
G4,32000,0.155494,158601
G4,64000,0.304668,76239.4
G4,128000,0.499967,49967.2
