algo,sliding,purity,qps
G4,1000,0.00718392,618495
G4,2000,0.00718392,510663
G4,4000,0.00718392,404965
G4,8000,0.00718392,292313
G4,16000,0.00718392,189364
G4,20000,0.00718392,161599
G4,24000,0.00718392,140677
G4,32000,0.155494,158504
G4,64000,0.304668,76274.7
G4,128000,0.499967,50085.1
