algo,sliding,purity,qps
G4,50000,0.554734,37009
G4,100000,0.555033,25547.6
G4,150000,0.568906,21400
G4,200000,0.575143,19168.8
G4,250000,0.582854,17249.9
G4,300000,0.578344,16991.7
G4,350000,0.593836,16528.9
G4,400000,0.596053,16190.7
G4,450000,0.594903,16236.7
G4,500000,0.596334,15951.5
