algo,sliding,purity,qps
G4,50000,0.554734,37157.9
G4,100000,0.555033,25549
G4,150000,0.568906,21380.3
G4,200000,0.575143,19226.8
G4,250000,0.582854,17277
G4,300000,0.578344,16882.8
G4,350000,0.593836,16453.5
G4,400000,0.596053,16393.1
G4,450000,0.594903,16073.7
G4,500000,0.596334,15972.9
