algo,sliding,purity,qps
G4,50000,0.554734,37237
G4,100000,0.555033,25456.5
G4,150000,0.568906,21378.7
G4,200000,0.575143,19252
G4,250000,0.582854,17268
G4,300000,0.578344,16988.3
G4,350000,0.593836,16474.5
G4,400000,0.596053,16434.3
G4,450000,0.594903,16246.2
G4,500000,0.596334,15993.6
