algo,sliding,purity,qps
G4,50000,0.554734,37134
G4,100000,0.555033,25503.7
G4,150000,0.568906,21349.2
G4,200000,0.575143,19175.5
G4,250000,0.582854,17170.2
G4,300000,0.578344,16970.4
G4,350000,0.593836,16513.9
G4,400000,0.596053,16397.3
G4,450000,0.594903,16233.3
G4,500000,0.596334,15976.6
