algo,sliding,purity,qps
G4,1000,0.00718392,609284
G4,2000,0.00718392,514031
G4,4000,0.00718392,401056
G4,8000,0.00718392,291384
G4,16000,0.00718392,187330
G4,20000,0.00718392,160859
G4,24000,0.00718392,140597
G4,32000,0.155494,154653
G4,64000,0.304668,74769.5
G4,128000,0.499967,49610.3
