algo,sliding,purity,qps
G4,50000,0.50041,129379
G4,100000,0.501995,108625
G4,150000,0.505079,99714.2
G4,200000,0.518242,93227.2
G4,250000,0.511769,88634.5
G4,300000,0.527413,86925.7
G4,350000,0.505434,84910
G4,400000,0.514241,83219.1
G4,450000,0.518814,81286.4
G4,500000,0.520889,80873.3
