algo,sliding,purity,qps
G4,50000,0.554734,36997.9
G4,100000,0.555033,25530.1
G4,150000,0.568906,21383
G4,200000,0.575143,19189.7
G4,250000,0.582854,17219.7
G4,300000,0.578344,17009.9
G4,350000,0.593836,16505.6
G4,400000,0.596053,16421.8
G4,450000,0.594903,16249.4
G4,500000,0.596334,16001.1
