algo,sliding,purity,qps
G4,50000,0.554734,36961.9
G4,100000,0.555033,25411.6
G4,150000,0.568906,21356.3
G4,200000,0.575143,19188.8
G4,250000,0.582854,17173.3
G4,300000,0.578344,16975.2
G4,350000,0.593836,16430
G4,400000,0.596053,16315.2
G4,450000,0.594903,16187.6
G4,500000,0.596334,15996.1
