algo,sliding,purity,qps
G4,50000,0.554734,37176.3
G4,100000,0.555033,25532.2
G4,150000,0.568906,21389.2
G4,200000,0.575143,19238
G4,250000,0.582854,17317
G4,300000,0.578344,17004.2
G4,350000,0.593836,16440.8
G4,400000,0.596053,16388
G4,450000,0.594903,16255.4
G4,500000,0.596334,16010.7
