algo,sliding,purity,qps
G4,50000,0.554734,37009.4
G4,100000,0.555033,25516.6
G4,150000,0.568906,21289.4
G4,200000,0.575143,19164.1
G4,250000,0.582854,17232.8
G4,300000,0.578344,16896.4
G4,350000,0.593836,16481.8
G4,400000,0.596053,16360.3
G4,450000,0.594903,16189.1
G4,500000,0.596334,15964.2
