algo,sliding,purity,qps
G4,50000,0.554734,36936.8
G4,100000,0.555033,25553.1
G4,150000,0.568906,21374.2
G4,200000,0.575143,19266.2
G4,250000,0.582854,17297
G4,300000,0.578344,16992.5
G4,350000,0.593836,16513.1
G4,400000,0.596053,16392.7
G4,450000,0.594903,16199.5
G4,500000,0.596334,15962.6
