algo,sliding,purity,qps
G4,1000,0.019399,584665
G4,2000,0.0293636,487158
G4,4000,0.0282057,401704
G4,8000,0.0458556,293319
G4,16000,0.104558,192484
G4,20000,0.119766,164901
G4,24000,0.135308,144328
G4,32000,0.177992,116700
G4,64000,0.309524,69657.8
G4,128000,0.507074,42665
